??,????,Hero name,??
"<img src=""http://www.dota2.com.cn/images/heroes/antimage_sb.png"" >",???,antimage,"<a href=""http://www.dota2.com.cn/hero/anti_mage/"">?????</a>"
"<img src=""http://www.dota2.com.cn/images/heroes/axe_sb.png"" >",??,axe,"<a href=""http://www.dota2.com.cn/hero/axe/"">????</a>"
"<img src=""http://www.dota2.com.cn/images/heroes/bane_sb.png"" >",????,bane,"<a href=""http://www.dota2.com.cn/hero/bane/"">??????</a>"
"<img src=""http://www.dota2.com.cn/images/heroes/bloodseeker_sb.png"" >",??,bloodseeker,"<a href=""http://www.dota2.com.cn/hero/bloodseeker/"">????</a>"
"<img src=""http://www.dota2.com.cn/images/heroes/crystal_maiden_sb.png"" >",????,crystal_maiden,"<a href=""http://www.dota2.com.cn/hero/crystal_maiden/"">??????</a>"
"<img src=""http://www.dota2.com.cn/images/heroes/drow_ranger_sb.png"" >",????,drow_ranger,"<a href=""http://www.dota2.com.cn/hero/drow_ranger/"">??????</a>"
"<img src=""http://www.dota2.com.cn/images/heroes/earthshaker_sb.png"" >",???,earthshaker,"<a href=""http://www.dota2.com.cn/hero/earthshaker/"">?????</a>"
"<img src=""http://www.dota2.com.cn/images/heroes/juggernaut_sb.png"" >",??,juggernaut,"<a href=""http://www.dota2.com.cn/hero/juggernaut/"">????</a>"
"<img src=""http://www.dota2.com.cn/images/heroes/mirana_sb.png"" >",???,mirana,"<a href=""http://www.dota2.com.cn/hero/mirana/"">?????</a>"
"<img src=""http://www.dota2.com.cn/images/heroes/nevermore_sb.png"" >",??,nevermore,"<a href=""http://www.dota2.com.cn/hero/shadow_fiend/"">????</a>"
"<img src=""http://www.dota2.com.cn/images/heroes/morphling_sb.png"" >",????,morphling,"<a href=""http://www.dota2.com.cn/hero/morphling/"">??????</a>"
"<img src=""http://www.dota2.com.cn/images/heroes/phantom_lancer_sb.png"" >",?????,phantom_lancer,"<a href=""http://www.dota2.com.cn/hero/phantom_lancer/"">???????</a>"
"<img src=""http://www.dota2.com.cn/images/heroes/puck_sb.png"" >",??,puck,"<a href=""http://www.dota2.com.cn/hero/puck/"">????</a>"
"<img src=""http://www.dota2.com.cn/images/heroes/pudge_sb.png"" >",??,pudge,"<a href=""http://www.dota2.com.cn/hero/pudge/"">????</a>"
"<img src=""http://www.dota2.com.cn/images/heroes/razor_sb.png"" >",??,razor,"<a href=""http://www.dota2.com.cn/hero/razor/"">????</a>"
"<img src=""http://www.dota2.com.cn/images/heroes/sand_king_sb.png"" >",??,sand_king,"<a href=""http://www.dota2.com.cn/hero/sand_king/"">????</a>"
"<img src=""http://www.dota2.com.cn/images/heroes/storm_spirit_sb.png"" >",????,storm_spirit,"<a href=""http://www.dota2.com.cn/hero/storm_spirit/"">??????</a>"
"<img src=""http://www.dota2.com.cn/images/heroes/sven_sb.png"" >",??,sven,"<a href=""http://www.dota2.com.cn/hero/sven/"">????</a>"
"<img src=""http://www.dota2.com.cn/images/heroes/tiny_sb.png"" >",??,tiny,"<a href=""http://www.dota2.com.cn/hero/tiny/"">????</a>"
"<img src=""http://www.dota2.com.cn/images/heroes/vengefulspirit_sb.png"" >",????,vengefulspirit,"<a href=""http://www.dota2.com.cn/hero/vengeful_spirit/"">??????</a>"
"<img src=""http://www.dota2.com.cn/images/heroes/windrunner_sb.png"" >",???,windrunner,"<a href=""http://www.dota2.com.cn/hero/windranger/"">?????</a>"
"<img src=""https://img.dota2.com.cn/dota2static/herostatic/index/npc_dota_hero_zuus.png"" >",??,Zeus,"<a href=""https://www.dota2.com.cn/hero/zuus"">????</a>"
"<img src=""http://www.dota2.com.cn/images/heroes/kunkka_sb.png"" >",??,kunkka,"<a href=""http://www.dota2.com.cn/hero/kunkka/"">????</a>"
"<img src=""http://www.dota2.com.cn/images/heroes/lina_sb.png"" >",??,lina,"<a href=""http://www.dota2.com.cn/hero/lina/"">????</a>"
"<img src=""http://www.dota2.com.cn/images/heroes/lich_sb.png"" >",??,lich,"<a href=""http://www.dota2.com.cn/hero/lich/"">????</a>"
"<img src=""http://www.dota2.com.cn/images/heroes/lion_sb.png"" >",??,lion,"<a href=""http://www.dota2.com.cn/hero/lion/"">????</a>"
"<img src=""http://www.dota2.com.cn/images/heroes/shadow_shaman_sb.png"" >",????,shadow_shaman,"<a href=""http://www.dota2.com.cn/hero/shadow_shaman/"">??????</a>"
"<img src=""http://www.dota2.com.cn/images/heroes/slardar_sb.png"" >",???,slardar,"<a href=""http://www.dota2.com.cn/hero/slardar/"">?????</a>"
"<img src=""http://www.dota2.com.cn/images/heroes/tidehunter_sb.png"" >",????,tidehunter,"<a href=""http://www.dota2.com.cn/hero/tidehunter/"">??????</a>"
"<img src=""http://www.dota2.com.cn/images/heroes/witch_doctor_sb.png"" >",??,witch_doctor,"<a href=""http://www.dota2.com.cn/hero/witch_doctor/"">????</a>"
"<img src=""http://www.dota2.com.cn/images/heroes/riki_sb.png"" >",??,riki,"<a href=""http://www.dota2.com.cn/hero/riki/"">????</a>"
"<img src=""http://www.dota2.com.cn/images/heroes/enigma_sb.png"" >",??,enigma,"<a href=""http://www.dota2.com.cn/hero/enigma/"">????</a>"
"<img src=""http://www.dota2.com.cn/images/heroes/tinker_sb.png"" >",???,tinker,"<a href=""http://www.dota2.com.cn/hero/tinker/"">?????</a>"
"<img src=""http://www.dota2.com.cn/images/heroes/sniper_sb.png"" >",???,sniper,"<a href=""http://www.dota2.com.cn/hero/sniper/"">?????</a>"
"<img src=""http://www.dota2.com.cn/images/heroes/necrolyte_sb.png"" >",????,necrolyte,"<a href=""http://www.dota2.com.cn/hero/necrophos/"">??????</a>"
"<img src=""http://www.dota2.com.cn/images/heroes/warlock_sb.png"" >",??,warlock,"<a href=""http://www.dota2.com.cn/hero/warlock/"">????</a>"
"<img src=""http://www.dota2.com.cn/images/heroes/beastmaster_sb.png"" >",??,beastmaster,"<a href=""http://www.dota2.com.cn/hero/beastmaster/"">????</a>"
"<img src=""http://www.dota2.com.cn/images/heroes/queenofpain_sb.png"" >",????,queenofpain,"<a href=""http://www.dota2.com.cn/hero/queen_of_pain/"">??????</a>"
"<img src=""http://www.dota2.com.cn/images/heroes/venomancer_sb.png"" >",????,venomancer,"<a href=""http://www.dota2.com.cn/hero/venomancer/"">??????</a>"
"<img src=""http://www.dota2.com.cn/images/heroes/faceless_void_sb.png"" >",????,faceless_void,"<a href=""http://www.dota2.com.cn/hero/faceless_void/"">??????</a>"
"<img src=""http://www.dota2.com.cn/images/heroes/wraith_king_sb.png"" >",????,skeleton_king,"<a href=""http://www.dota2.com.cn/hero/wraith_king/"">??????</a>"
"<img src=""http://www.dota2.com.cn/images/heroes/death_prophet_sb.png"" >",????,death_prophet,"<a href=""http://www.dota2.com.cn/hero/death_prophet/"">??????</a>"
"<img src=""http://www.dota2.com.cn/images/heroes/phantom_assassin_sb.png"" >",????,phantom_assassin,"<a href=""http://www.dota2.com.cn/hero/phantom_assassin/"">??????</a>"
"<img src=""http://www.dota2.com.cn/images/heroes/pugna_sb.png"" >",???,pugna,"<a href=""http://www.dota2.com.cn/hero/pugna/"">?????</a>"
"<img src=""http://www.dota2.com.cn/images/heroes/templar_assassin_sb.png"" >",????,templar_assassin,"<a href=""http://www.dota2.com.cn/hero/templar_assassin/"">??????</a>"
"<img src=""http://www.dota2.com.cn/images/heroes/viper_sb.png"" >",????,viper,"<a href=""http://www.dota2.com.cn/hero/viper/"">??????</a>"
"<img src=""http://www.dota2.com.cn/images/heroes/luna_sb.png"" >",??,luna,"<a href=""http://www.dota2.com.cn/hero/luna/"">????</a>"
"<img src=""http://www.dota2.com.cn/images/heroes/dragon_knight_sb.png"" >",???,dragon_knight,"<a href=""http://www.dota2.com.cn/hero/dragon_knight/"">?????</a>"
"<img src=""http://www.dota2.com.cn/images/heroes/dazzle_sb.png"" >",??,dazzle,"<a href=""http://www.dota2.com.cn/hero/dazzle/"">????</a>"
"<img src=""http://www.dota2.com.cn/images/heroes/rattletrap_sb.png"" >",????,rattletrap,"<a href=""http://www.dota2.com.cn/hero/clockwerk/"">??????</a>"
"<img src=""http://www.dota2.com.cn/images/heroes/leshrac_sb.png"" >",???,leshrac,"<a href=""http://www.dota2.com.cn/hero/leshrac/"">?????</a>"
"<img src=""http://www.dota2.com.cn/images/heroes/furion_sb.png"" >",??,furion,"<a href=""http://www.dota2.com.cn/hero/natures_prophet/"">????</a>"
"<img src=""http://www.dota2.com.cn/images/heroes/life_stealer_sb.png"" >",???,life_stealer,"<a href=""http://www.dota2.com.cn/hero/lifestealer/"">?????</a>"
"<img src=""http://www.dota2.com.cn/images/heroes/dark_seer_sb.png"" >",????,dark_seer,"<a href=""http://www.dota2.com.cn/hero/dark_seer/"">??????</a>"
"<img src=""http://www.dota2.com.cn/images/heroes/clinkz_sb.png"" >",????,clinkz,"<a href=""http://www.dota2.com.cn/hero/clinkz/"">??????</a>"
"<img src=""http://www.dota2.com.cn/images/heroes/omniknight_sb.png"" >",????,omniknight,"<a href=""http://www.dota2.com.cn/hero/omniknight/"">??????</a>"
"<img src=""http://www.dota2.com.cn/images/heroes/enchantress_sb.png"" >",????,enchantress,"<a href=""http://www.dota2.com.cn/hero/enchantress/"">??????</a>"
"<img src=""http://www.dota2.com.cn/images/heroes/huskar_sb.png"" >",???,huskar,"<a href=""http://www.dota2.com.cn/hero/huskar/"">?????</a>"
"<img src=""http://www.dota2.com.cn/images/heroes/night_stalker_sb.png"" >",????,night_stalker,"<a href=""http://www.dota2.com.cn/hero/night_stalker/"">??????</a>"
"<img src=""http://www.dota2.com.cn/images/heroes/broodmother_sb.png"" >",????,broodmother,"<a href=""http://www.dota2.com.cn/hero/broodmother/"">??????</a>"
"<img src=""http://www.dota2.com.cn/images/heroes/bounty_hunter_sb.png"" >",????,bounty_hunter,"<a href=""http://www.dota2.com.cn/hero/bounty_hunter/"">??????</a>"
"<img src=""http://www.dota2.com.cn/images/heroes/weaver_sb.png"" >",???,weaver,"<a href=""http://www.dota2.com.cn/hero/weaver/"">?????</a>"
"<img src=""http://www.dota2.com.cn/images/heroes/jakiro_sb.png"" >",???,jakiro,"<a href=""http://www.dota2.com.cn/hero/jakiro/"">?????</a>"
"<img src=""http://www.dota2.com.cn/images/heroes/batrider_sb.png"" >",????,batrider,"<a href=""http://www.dota2.com.cn/hero/batrider/"">??????</a>"
"<img src=""http://www.dota2.com.cn/images/heroes/chen_sb.png"" >",?,chen,"<a href=""http://www.dota2.com.cn/hero/chen/"">???</a>"
"<img src=""http://www.dota2.com.cn/images/heroes/spectre_sb.png"" >",??,spectre,"<a href=""http://www.dota2.com.cn/hero/spectre/"">????</a>"
"<img src=""http://www.dota2.com.cn/images/heroes/doom_bringer_sb.png"" >",????,doom_bringer,"<a href=""http://www.dota2.com.cn/hero/doom/"">??????</a>"
"<img src=""http://www.dota2.com.cn/images/heroes/ancient_apparition_sb.png"" >",????,ancient_apparition,"<a href=""http://www.dota2.com.cn/hero/ancient_apparition/"">??????</a>"
"<img src=""http://www.dota2.com.cn/images/heroes/ursa_sb.png"" >",???,ursa,"<a href=""http://www.dota2.com.cn/hero/ursa/"">?????</a>"
"<img src=""http://www.dota2.com.cn/images/heroes/spirit_breaker_sb.png"" >",???,spirit_breaker,"<a href=""http://www.dota2.com.cn/hero/spirit_breaker/"">?????</a>"
"<img src=""http://www.dota2.com.cn/images/heroes/gyrocopter_sb.png"" >",?????,gyrocopter,"<a href=""http://www.dota2.com.cn/hero/gyrocopter/"">???????</a>"
"<img src=""http://www.dota2.com.cn/images/heroes/alchemist_sb.png"" >",????,alchemist,"<a href=""http://www.dota2.com.cn/hero/alchemist/"">??????</a>"
"<img src=""http://www.dota2.com.cn/images/heroes/invoker_sb.png"" >",???,invoker,"<a href=""http://www.dota2.com.cn/hero/invoker/"">?????</a>"
"<img src=""http://www.dota2.com.cn/images/heroes/silencer_sb.png"" >",????,silencer,"<a href=""http://www.dota2.com.cn/hero/silencer/"">??????</a>"
"<img src=""http://www.dota2.com.cn/images/heroes/obsidian_destroyer_sb.png"" >",?????,obsidian_destroyer,"<a href=""http://www.dota2.com.cn/hero/Outworld_Devourer/"">???????</a>"
"<img src=""http://www.dota2.com.cn/images/heroes/lycan_sb.png"" >",??,lycan,"<a href=""http://www.dota2.com.cn/hero/lycan/"">????</a>"
"<img src=""http://www.dota2.com.cn/images/heroes/brewmaster_sb.png"" >",??,brewmaster,"<a href=""http://www.dota2.com.cn/hero/brewmaster/"">????</a>"
"<img src=""http://www.dota2.com.cn/images/heroes/shadow_demon_sb.png"" >",????,shadow_demon,"<a href=""http://www.dota2.com.cn/hero/shadow_demon/"">??????</a>"
"<img src=""http://www.dota2.com.cn/images/heroes/lone_druid_sb.png"" >",???,lone_druid,"<a href=""http://www.dota2.com.cn/hero/lone_druid/"">?????</a>"
"<img src=""http://www.dota2.com.cn/images/heroes/chaos_knight_sb.png"" >",????,chaos_knight,"<a href=""http://www.dota2.com.cn/hero/chaos_knight/"">??????</a>"
"<img src=""http://www.dota2.com.cn/images/heroes/meepo_sb.png"" >",??,meepo,"<a href=""http://www.dota2.com.cn/hero/meepo/"">????</a>"
"<img src=""http://www.dota2.com.cn/images/heroes/treant_sb.png"" >",????,treant,"<a href=""http://www.dota2.com.cn/hero/treant_protector/"">??????</a>"
"<img src=""http://www.dota2.com.cn/images/heroes/ogre_magi_sb.png"" >",??????,ogre_magi,"<a href=""http://www.dota2.com.cn/hero/ogre_magi/"">????????</a>"
"<img src=""http://www.dota2.com.cn/images/heroes/undying_sb.png"" >",????,undying,"<a href=""http://www.dota2.com.cn/hero/undying/"">??????</a>"
"<img src=""http://www.dota2.com.cn/images/heroes/rubick_sb.png"" >",???,rubick,"<a href=""http://www.dota2.com.cn/hero/rubick/"">?????</a>"
"<img src=""http://www.dota2.com.cn/images/heroes/disruptor_sb.png"" >",???,disruptor,"<a href=""http://www.dota2.com.cn/hero/disruptor/"">?????</a>"
"<img src=""http://www.dota2.com.cn/images/heroes/nyx_assassin_sb.png"" >",????,nyx_assassin,"<a href=""http://www.dota2.com.cn/hero/nyx_assassin/"">??????</a>"
"<img src=""http://www.dota2.com.cn/images/heroes/naga_siren_sb.png"" >",????,naga_siren,"<a href=""http://www.dota2.com.cn/hero/naga_siren/"">??????</a>"
"<img src=""http://www.dota2.com.cn/images/heroes/keeper_of_the_light_sb.png"" >",????,keeper_of_the_light,"<a href=""http://www.dota2.com.cn/hero/keeper_of_the_light/"">??????</a>"
"<img src=""http://www.dota2.com.cn/images/heroes/wisp_sb.png"" >",??,wisp,"<a href=""http://www.dota2.com.cn/hero/Io/"">????</a>"
"<img src=""http://www.dota2.com.cn/images/heroes/visage_sb.png"" >",???,visage,"<a href=""http://www.dota2.com.cn/hero/visage/"">?????</a>"
"<img src=""http://www.dota2.com.cn/images/heroes/slark_sb.png"" >",???,slark,"<a href=""http://www.dota2.com.cn/hero/slark/"">?????</a>"
"<img src=""http://www.dota2.com.cn/images/heroes/medusa_sb.png"" >",???,medusa,"<a href=""http://www.dota2.com.cn/hero/medusa/"">?????</a>"
"<img src=""http://www.dota2.com.cn/images/heroes/troll_warlord_sb.png"" >",????,troll_warlord,"<a href=""http://www.dota2.com.cn/hero/troll_warlord/"">??????</a>"
"<img src=""http://www.dota2.com.cn/images/heroes/centaur_sb.png"" >",??????,centaur,"<a href=""http://www.dota2.com.cn/hero/centaur_warrunner/"">????????</a>"
"<img src=""http://www.dota2.com.cn/images/heroes/magnataur_sb.png"" >",????,magnataur,"<a href=""http://www.dota2.com.cn/hero/magnus/"">??????</a>"
"<img src=""http://www.dota2.com.cn/images/heroes/shredder_sb.png"" >",???,shredder,"<a href=""http://www.dota2.com.cn/hero/timbersaw/"">?????</a>"
"<img src=""http://www.dota2.com.cn/images/heroes/bristleback_sb.png"" >",???,bristleback,"<a href=""http://www.dota2.com.cn/hero/bristleback/"">?????</a>"
"<img src=""http://www.dota2.com.cn/images/heroes/tusk_sb.png"" >",????,tusk,"<a href=""http://www.dota2.com.cn/hero/tusk/"">??????</a>"
"<img src=""http://www.dota2.com.cn/images/heroes/skywrath_mage_sb.png"" >",????,skywrath_mage,"<a href=""http://www.dota2.com.cn/hero/Skywrath_Mage/"">??????</a>"
"<img src=""http://www.dota2.com.cn/images/heroes/abaddon_sb.png"" >",???,abaddon,"<a href=""http://www.dota2.com.cn/hero/abaddon/"">?????</a>"
"<img src=""http://www.dota2.com.cn/images/heroes/elder_titan_sb.png"" >",????,elder_titan,"<a href=""http://www.dota2.com.cn/hero/elder_titan/"">??????</a>"
"<img src=""http://www.dota2.com.cn/images/heroes/legion_commander_sb.png"" >",?????,legion_commander,"<a href=""http://www.dota2.com.cn/hero/legion_commander/"">???????</a>"
"<img src=""http://www.dota2.com.cn/images/heroes/ember_spirit_sb.png"" >",????,ember_spirit,"<a href=""http://www.dota2.com.cn/hero/ember_spirit/"">??????</a>"
"<img src=""http://www.dota2.com.cn/images/heroes/earth_spirit_sb.png"" >",????,earth_spirit,"<a href=""http://www.dota2.com.cn/hero/earth_spirit/"">??????</a>"
"<img src=""http://www.dota2.com.cn/images/heroes/terrorblade_sb.png"" >",????,terrorblade,"<a href=""http://www.dota2.com.cn/hero/terrorblade/"">??????</a>"
"<img src=""http://www.dota2.com.cn/images/heroes/phoenix_sb.png"" >",??,phoenix,"<a href=""http://www.dota2.com.cn/hero/phoenix/"">????</a>"
"<img src=""http://www.dota2.com.cn/images/heroes/oracle_sb.png"" >",???,oracle,"<a href=""http://www.dota2.com.cn/hero/oracle/"">?????</a>"
"<img src=""http://www.dota2.com.cn/images/heroes/techies_sb.png"" >",???,techies,"<a href=""http://www.dota2.com.cn/hero/techies/"">?????</a>"
"<img src=""http://www.dota2.com.cn/images/heroes/winter_wyvern_sb.png"" >",????,winter_wyvern,"<a href=""http://www.dota2.com.cn/hero/winter_wyvern/"">??????</a>"
"<img src=""http://www.dota2.com.cn/images/heroes/arc_warden_sb.png"" >",?????,arc_warden,"<a href=""http://www.dota2.com.cn/hero/arc_warden/"">???????</a>"
"<img src=""http://www.dota2.com.cn/images/heroes/abyssal_underlord_sb.png"" >",??,abyssal_underlord,"<a href=""http://www.dota2.com.cn/hero/abyssal_underlord/"">????</a>"
"<img src=""http://www.dota2.com.cn/images/heroes/monkey_king_sb.png"" >",????,monkey_king,"<a href=""http://www.dota2.com.cn/hero/monkey_king/"">??????</a>"
"<img src=""http://www.dota2.com.cn/images/heroes/pangolier_sb.png"" >",????,pangolier,"<a href=""http://www.dota2.com.cn/hero/pangolier/"">??????</a>"
"<img src=""http://www.dota2.com.cn/images/heroes/dark_willow_sb.png"" >",????,dark_willow,"<a href=""http://www.dota2.com.cn/hero/dark_willow/"">??????</a>"
"<img src=""http://www.dota2.com.cn/images/heroes/grimstroke_sb.png"" >",????,grimstroke,"<a href=""http://www.dota2.com.cn/hero/grimstroke/"">??????</a>"
"<img src=""http://www.dota2.com.cn/images/heroes/mars_sb.png"" >",???,mars,"<a href=""http://www.dota2.com.cn/hero/mars/"">Mars??</a>"
"<img src=""https://www.dota2.com.cn/images/heroes/hoodwink_sb.png"" >",????,Hoodwink,"<a href=""https://www.dota2.com.cn/hero/hoodwink"">??????</a>"
"<img src=""http://www.dota2.com.cn/images/heroes/snapfire_sb.png"" >",????,Snapfire,"<a href=""https://www.dota2.com.cn/hero/snapfire"">??????</a>"
"<img src=""http://www.dota2.com.cn/images/heroes/void_spirit_sb.png"" >",????,Void Spirit,"<a href=""https://www.dota2.com.cn/hero/void_spirit"">??????</a>"
"<img src=""https://img.dota2.com.cn/dota2static/herostatic/index/npc_dota_hero_dawnbreaker.png"" >",????,Dawnbreaker,"<a href=""https://www.dota2.com.cn/hero/dawnbreaker"">??????</a>"
"<img src=""https://cdn.cloudflare.steamstatic.com/apps/dota2/images/dota_react/heroes/marci.png"" >",??,Marci,"<a href=""https://www.dota2.com.cn/hero/marci"">????</a>"
